[
    {
      "id": 295,
      "nome": "ADAMANTINA"
    },
    {
      "id": 476,
      "nome": "ADOLFO"
    },
    {
      "id": 439,
      "nome": "AGUAI"
    },
    {
      "id": 440,
      "nome": "AGUAS DA PRATA"
    },
    {
      "id": 235,
      "nome": "AGUAS DE LINDOIA"
    },
    {
      "id": 194,
      "nome": "AGUAS DE SANTA BARBARA"
    },
    {
      "id": 336,
      "nome": "AGUAS DE SAO PEDRO"
    },
    {
      "id": 151,
      "nome": "AGUDOS"
    },
    {
      "id": 577,
      "nome": "ALAMBARI"
    },
    {
      "id": 383,
      "nome": "ALFREDO MARCONDES"
    },
    {
      "id": 134,
      "nome": "ALTAIR"
    },
    {
      "id": 413,
      "nome": "ALTINOPOLIS"
    },
    {
      "id": 73,
      "nome": "ALTO ALEGRE"
    },
    {
      "id": 580,
      "nome": "ALUMINIO"
    },
    {
      "id": 491,
      "nome": "ALVARES FLORENCE"
    },
    {
      "id": 388,
      "nome": "ALVARES MACHADO"
    },
    {
      "id": 309,
      "nome": "ALVARO DE CARVALHO"
    },
    {
      "id": 302,
      "nome": "ALVINLANDIA"
    },
    {
      "id": 237,
      "nome": "AMERICANA"
    },
    {
      "id": 80,
      "nome": "AMERICO BRASILIENSE"
    },
    {
      "id": 497,
      "nome": "AMERICO DE CAMPOS"
    },
    {
      "id": 238,
      "nome": "AMPARO"
    },
    {
      "id": 319,
      "nome": "ANALANDIA"
    },
    {
      "id": 72,
      "nome": "ANDRADINA"
    },
    {
      "id": 582,
      "nome": "ANGATUBA"
    },
    {
      "id": 206,
      "nome": "ANHEMBI"
    },
    {
      "id": 372,
      "nome": "ANHUMAS"
    },
    {
      "id": 637,
      "nome": "APARECIDA"
    },
    {
      "id": 487,
      "nome": "APARECIDA D´OESTE"
    },
    {
      "id": 581,
      "nome": "APIAI"
    },
    {
      "id": 584,
      "nome": "ARACARIGUAMA"
    },
    {
      "id": 71,
      "nome": "ARACATUBA"
    },
    {
      "id": 585,
      "nome": "ARACOIABA DA SERRA"
    },
    {
      "id": 268,
      "nome": "ARAMINA"
    },
    {
      "id": 203,
      "nome": "ARANDU"
    },
    {
      "id": 642,
      "nome": "ARAPEI"
    },
    {
      "id": 95,
      "nome": "ARARAQUARA"
    },
    {
      "id": 340,
      "nome": "ARARAS"
    },
    {
      "id": 286,
      "nome": "ARCO-IRIS"
    },
    {
      "id": 152,
      "nome": "AREALVA"
    },
    {
      "id": 643,
      "nome": "AREIAS"
    },
    {
      "id": 192,
      "nome": "AREIOPOLIS"
    },
    {
      "id": 479,
      "nome": "ARIRANHA"
    },
    {
      "id": 253,
      "nome": "ARTUR NOGUEIRA"
    },
    {
      "id": 12,
      "nome": "ARUJA"
    },
    {
      "id": 484,
      "nome": "ASPASIA"
    },
    {
      "id": 113,
      "nome": "ASSIS"
    },
    {
      "id": 243,
      "nome": "ATIBAIA"
    },
    {
      "id": 66,
      "nome": "AURIFLAMA"
    },
    {
      "id": 185,
      "nome": "AVAI"
    },
    {
      "id": 67,
      "nome": "AVANHANDAVA"
    },
    {
      "id": 191,
      "nome": "AVARE"
    },
    {
      "id": 493,
      "nome": "BADY BASSITT"
    },
    {
      "id": 178,
      "nome": "BALBINOS"
    },
    {
      "id": 480,
      "nome": "BALSAMO"
    },
    {
      "id": 622,
      "nome": "BANANAL"
    },
    {
      "id": 205,
      "nome": "BARAO DE ANTONINA"
    },
    {
      "id": 70,
      "nome": "BARBOSA"
    },
    {
      "id": 182,
      "nome": "BARIRI"
    },
    {
      "id": 168,
      "nome": "BARRA BONITA"
    },
    {
      "id": 614,
      "nome": "BARRA DO CHAPEU"
    },
    {
      "id": 669,
      "nome": "BARRA DO TURVO"
    },
    {
      "id": 139,
      "nome": "BARRETOS"
    },
    {
      "id": 421,
      "nome": "BARRINHA"
    },
    {
      "id": 29,
      "nome": "BARUERI"
    },
    {
      "id": 282,
      "nome": "BASTOS"
    },
    {
      "id": 427,
      "nome": "BATATAIS"
    },
    {
      "id": 180,
      "nome": "BAURU"
    },
    {
      "id": 146,
      "nome": "BEBEDOURO"
    },
    {
      "id": 65,
      "nome": "BENTO DE ABREU"
    },
    {
      "id": 127,
      "nome": "BERNARDINO DE CAMPOS"
    },
    {
      "id": 663,
      "nome": "BERTIOGA"
    },
    {
      "id": 74,
      "nome": "BILAC"
    },
    {
      "id": 75,
      "nome": "BIRIGUI"
    },
    {
      "id": 15,
      "nome": "BIRITIBA-MIRIM"
    },
    {
      "id": 86,
      "nome": "BOA ESPERANCA DO SUL"
    },
    {
      "id": 169,
      "nome": "BOCAINA"
    },
    {
      "id": 199,
      "nome": "BOFETE"
    },
    {
      "id": 613,
      "nome": "BOITUVA"
    },
    {
      "id": 245,
      "nome": "BOM JESUS DOS PERDOES"
    },
    {
      "id": 611,
      "nome": "BOM SUCESSO DE ITARARE"
    },
    {
      "id": 120,
      "nome": "BORA"
    },
    {
      "id": 172,
      "nome": "BORACEIA"
    },
    {
      "id": 100,
      "nome": "BORBOREMA"
    },
    {
      "id": 173,
      "nome": "BOREBI"
    },
    {
      "id": 196,
      "nome": "BOTUCATU"
    },
    {
      "id": 247,
      "nome": "BRAGANCA PAULISTA"
    },
    {
      "id": 78,
      "nome": "BRAUNA"
    },
    {
      "id": 79,
      "nome": "BREJO ALEGRE"
    },
    {
      "id": 422,
      "nome": "BRODOWSKI"
    },
    {
      "id": 176,
      "nome": "BROTAS"
    },
    {
      "id": 597,
      "nome": "BURI"
    },
    {
      "id": 55,
      "nome": "BURITAMA"
    },
    {
      "id": 264,
      "nome": "BURITIZAL"
    },
    {
      "id": 175,
      "nome": "CABRALIA PAULISTA"
    },
    {
      "id": 249,
      "nome": "CABREUVA"
    },
    {
      "id": 460,
      "nome": "CACAPAVA"
    },
    {
      "id": 636,
      "nome": "CACHOEIRA PAULISTA"
    },
    {
      "id": 455,
      "nome": "CACONDE"
    },
    {
      "id": 174,
      "nome": "CAFELANDIA"
    },
    {
      "id": 352,
      "nome": "CAIABU"
    },
    {
      "id": 20,
      "nome": "CAIEIRAS"
    },
    {
      "id": 348,
      "nome": "CAIUA"
    },
    {
      "id": 21,
      "nome": "CAJAMAR"
    },
    {
      "id": 400,
      "nome": "CAJATI"
    },
    {
      "id": 140,
      "nome": "CAJOBI"
    },
    {
      "id": 404,
      "nome": "CAJURU"
    },
    {
      "id": 596,
      "nome": "CAMPINA DO MONTE ALEGRE"
    },
    {
      "id": 252,
      "nome": "CAMPINAS"
    },
    {
      "id": 242,
      "nome": "CAMPO LIMPO PAULISTA"
    },
    {
      "id": 634,
      "nome": "CAMPOS DO JORDAO"
    },
    {
      "id": 287,
      "nome": "CAMPOS NOVOS PAULISTA"
    },
    {
      "id": 670,
      "nome": "CANANEIA"
    },
    {
      "id": 632,
      "nome": "CANAS"
    },
    {
      "id": 105,
      "nome": "CANDIDO MOTA"
    },
    {
      "id": 92,
      "nome": "CANDIDO RODRIGUES"
    },
    {
      "id": 124,
      "nome": "CANITAR"
    },
    {
      "id": 600,
      "nome": "CAPAO BONITO"
    },
    {
      "id": 601,
      "nome": "CAPELA DO ALTO"
    },
    {
      "id": 333,
      "nome": "CAPIVARI"
    },
    {
      "id": 469,
      "nome": "CARAGUATATUBA"
    },
    {
      "id": 33,
      "nome": "CARAPICUIBA"
    },
    {
      "id": 481,
      "nome": "CARDOSO"
    },
    {
      "id": 438,
      "nome": "CASA BRANCA"
    },
    {
      "id": 416,
      "nome": "CASSIA DOS COQUEIROS"
    },
    {
      "id": 44,
      "nome": "CASTILHO"
    },
    {
      "id": 500,
      "nome": "CATANDUVA"
    },
    {
      "id": 490,
      "nome": "CATIGUA"
    },
    {
      "id": 492,
      "nome": "CEDRAL"
    },
    {
      "id": 189,
      "nome": "CERQUEIRA CESAR"
    },
    {
      "id": 602,
      "nome": "CERQUILHO"
    },
    {
      "id": 603,
      "nome": "CESARIO LANGE"
    },
    {
      "id": 337,
      "nome": "CHARQUEADA"
    },
    {
      "id": 129,
      "nome": "CHAVANTES"
    },
    {
      "id": 45,
      "nome": "CLEMENTINA"
    },
    {
      "id": 135,
      "nome": "COLINA"
    },
    {
      "id": 136,
      "nome": "COLOMBIA"
    },
    {
      "id": 324,
      "nome": "CONCHAL"
    },
    {
      "id": 188,
      "nome": "CONCHAS"
    },
    {
      "id": 325,
      "nome": "CORDEIROPOLIS"
    },
    {
      "id": 50,
      "nome": "COROADOS"
    },
    {
      "id": 187,
      "nome": "CORONEL MACEDO"
    },
    {
      "id": 331,
      "nome": "CORUMBATAI"
    },
    {
      "id": 217,
      "nome": "COSMOPOLIS"
    },
    {
      "id": 520,
      "nome": "COSMORAMA"
    },
    {
      "id": 34,
      "nome": "COTIA"
    },
    {
      "id": 407,
      "nome": "CRAVINHOS"
    },
    {
      "id": 272,
      "nome": "CRISTAIS PAULISTA"
    },
    {
      "id": 117,
      "nome": "CRUZALIA"
    },
    {
      "id": 627,
      "nome": "CRUZEIRO"
    },
    {
      "id": 653,
      "nome": "CUBATAO"
    },
    {
      "id": 626,
      "nome": "CUNHA"
    },
    {
      "id": 102,
      "nome": "DESCALVADO"
    },
    {
      "id": 4,
      "nome": "DIADEMA"
    },
    {
      "id": 553,
      "nome": "DIRCE REIS"
    },
    {
      "id": 452,
      "nome": "DIVINOLANDIA"
    },
    {
      "id": 104,
      "nome": "DOBRADA"
    },
    {
      "id": 171,
      "nome": "DOIS CORREGOS"
    },
    {
      "id": 550,
      "nome": "DOLCINOPOLIS"
    },
    {
      "id": 98,
      "nome": "DOURADO"
    },
    {
      "id": 358,
      "nome": "DRACENA"
    },
    {
      "id": 162,
      "nome": "DUARTINA"
    },
    {
      "id": 412,
      "nome": "DUMONT"
    },
    {
      "id": 307,
      "nome": "ECHAPORA"
    },
    {
      "id": 655,
      "nome": "ELDORADO"
    },
    {
      "id": 322,
      "nome": "ELIAS FAUSTO"
    },
    {
      "id": 557,
      "nome": "ELISIARIO"
    },
    {
      "id": 144,
      "nome": "EMBAUBA"
    },
    {
      "id": 28,
      "nome": "EMBU DAS ARTES"
    },
    {
      "id": 27,
      "nome": "EMBU-GUACU"
    },
    {
      "id": 360,
      "nome": "EMILIANOPOLIS"
    },
    {
      "id": 341,
      "nome": "ENGENHEIRO COELHO"
    },
    {
      "id": 449,
      "nome": "ESPIRITO SANTO DO PINHAL"
    },
    {
      "id": 116,
      "nome": "ESPIRITO SANTO DO TURVO"
    },
    {
      "id": 447,
      "nome": "ESTIVA GERBI"
    },
    {
      "id": 544,
      "nome": "ESTRELA D`OESTE"
    },
    {
      "id": 351,
      "nome": "ESTRELA DO NORTE"
    },
    {
      "id": 349,
      "nome": "EUCLIDES DA CUNHA PAULISTA"
    },
    {
      "id": 720,
      "nome": "FAIXA PORTUARIA"
    },
    {
      "id": 719,
      "nome": "FAKETOWN"
    },
    {
      "id": 207,
      "nome": "FARTURA"
    },
    {
      "id": 549,
      "nome": "FERNANDOPOLIS"
    },
    {
      "id": 543,
      "nome": "FERNANDO PRESTES"
    },
    {
      "id": 312,
      "nome": "FERNAO"
    },
    {
      "id": 11,
      "nome": "FERRAZ DE VASCONCELOS"
    },
    {
      "id": 347,
      "nome": "FLORA RICA"
    },
    {
      "id": 541,
      "nome": "FLOREAL"
    },
    {
      "id": 313,
      "nome": "FLORIDA PAULISTA"
    },
    {
      "id": 123,
      "nome": "FLORINIA"
    },
    {
      "id": 267,
      "nome": "FRANCA"
    },
    {
      "id": 22,
      "nome": "FRANCISCO MORATO"
    },
    {
      "id": 23,
      "nome": "FRANCO DA ROCHA"
    },
    {
      "id": 63,
      "nome": "GABRIEL MONTEIRO"
    },
    {
      "id": 315,
      "nome": "GALIA"
    },
    {
      "id": 314,
      "nome": "GARCA"
    },
    {
      "id": 547,
      "nome": "GASTAO VIDIGAL"
    },
    {
      "id": 91,
      "nome": "GAVIAO PEIXOTO"
    },
    {
      "id": 566,
      "nome": "GENERAL SALGADO"
    },
    {
      "id": 167,
      "nome": "GETULINA"
    },
    {
      "id": 54,
      "nome": "GLICERIO"
    },
    {
      "id": 166,
      "nome": "GUAICARA"
    },
    {
      "id": 299,
      "nome": "GUAIMBE"
    },
    {
      "id": 137,
      "nome": "GUAIRA"
    },
    {
      "id": 561,
      "nome": "GUAPIACU"
    },
    {
      "id": 599,
      "nome": "GUAPIARA"
    },
    {
      "id": 269,
      "nome": "GUARA"
    },
    {
      "id": 43,
      "nome": "GUARACAI"
    },
    {
      "id": 147,
      "nome": "GUARACI"
    },
    {
      "id": 569,
      "nome": "GUARANI D`OESTE"
    },
    {
      "id": 308,
      "nome": "GUARANTA"
    },
    {
      "id": 62,
      "nome": "GUARARAPES"
    },
    {
      "id": 17,
      "nome": "GUARAREMA"
    },
    {
      "id": 633,
      "nome": "GUARATINGUETA"
    },
    {
      "id": 587,
      "nome": "GUAREI"
    },
    {
      "id": 408,
      "nome": "GUARIBA"
    },
    {
      "id": 664,
      "nome": "GUARUJA"
    },
    {
      "id": 14,
      "nome": "GUARULHOS"
    },
    {
      "id": 406,
      "nome": "GUATAPARA"
    },
    {
      "id": 60,
      "nome": "GUZOLANDIA"
    },
    {
      "id": 317,
      "nome": "HERCULANDIA"
    },
    {
      "id": 219,
      "nome": "HOLAMBRA"
    },
    {
      "id": 251,
      "nome": "HORTOLANDIA"
    },
    {
      "id": 170,
      "nome": "IACANGA"
    },
    {
      "id": 290,
      "nome": "IACRI"
    },
    {
      "id": 204,
      "nome": "IARAS"
    },
    {
      "id": 83,
      "nome": "IBATE"
    },
    {
      "id": 530,
      "nome": "IBIRA"
    },
    {
      "id": 106,
      "nome": "IBIRAREMA"
    },
    {
      "id": 87,
      "nome": "IBITINGA"
    },
    {
      "id": 594,
      "nome": "IBIUNA"
    },
    {
      "id": 513,
      "nome": "ICEM"
    },
    {
      "id": 344,
      "nome": "IEPE"
    },
    {
      "id": 163,
      "nome": "IGARACU DO TIETE"
    },
    {
      "id": 263,
      "nome": "IGARAPAVA"
    },
    {
      "id": 462,
      "nome": "IGARATA"
    },
    {
      "id": 662,
      "nome": "IGUAPE"
    },
    {
      "id": 459,
      "nome": "ILHABELA"
    },
    {
      "id": 671,
      "nome": "ILHA COMPRIDA"
    },
    {
      "id": 58,
      "nome": "ILHA SOLTEIRA"
    },
    {
      "id": 221,
      "nome": "INDAIATUBA"
    },
    {
      "id": 359,
      "nome": "INDIANA"
    },
    {
      "id": 519,
      "nome": "INDIAPORA"
    },
    {
      "id": 298,
      "nome": "INUBIA PAULISTA"
    },
    {
      "id": 128,
      "nome": "IPAUCU"
    },
    {
      "id": 591,
      "nome": "IPERO"
    },
    {
      "id": 343,
      "nome": "IPEUNA"
    },
    {
      "id": 508,
      "nome": "IPIGUA"
    },
    {
      "id": 672,
      "nome": "IPORANGA"
    },
    {
      "id": 261,
      "nome": "IPUA"
    },
    {
      "id": 328,
      "nome": "IRACEMAPOLIS"
    },
    {
      "id": 506,
      "nome": "IRAPUA"
    },
    {
      "id": 353,
      "nome": "IRAPURU"
    },
    {
      "id": 590,
      "nome": "ITABERA"
    },
    {
      "id": 202,
      "nome": "ITAI"
    },
    {
      "id": 504,
      "nome": "ITAJOBI"
    },
    {
      "id": 179,
      "nome": "ITAJU"
    },
    {
      "id": 665,
      "nome": "ITANHAEM"
    },
    {
      "id": 588,
      "nome": "ITAOCA"
    },
    {
      "id": 35,
      "nome": "ITAPECERICA DA SERRA"
    },
    {
      "id": 595,
      "nome": "ITAPETININGA"
    },
    {
      "id": 612,
      "nome": "ITAPEVA"
    },
    {
      "id": 38,
      "nome": "ITAPEVI"
    },
    {
      "id": 445,
      "nome": "ITAPIRA"
    },
    {
      "id": 610,
      "nome": "ITAPIRAPUA PAULISTA"
    },
    {
      "id": 101,
      "nome": "ITAPOLIS"
    },
    {
      "id": 201,
      "nome": "ITAPORANGA"
    },
    {
      "id": 186,
      "nome": "ITAPUI"
    },
    {
      "id": 49,
      "nome": "ITAPURA"
    },
    {
      "id": 9,
      "nome": "ITAQUAQUECETUBA"
    },
    {
      "id": 616,
      "nome": "ITARARE"
    },
    {
      "id": 657,
      "nome": "ITARIRI"
    },
    {
      "id": 222,
      "nome": "ITATIBA"
    },
    {
      "id": 197,
      "nome": "ITATINGA"
    },
    {
      "id": 329,
      "nome": "ITIRAPINA"
    },
    {
      "id": 276,
      "nome": "ITIRAPUA"
    },
    {
      "id": 451,
      "nome": "ITOBI"
    },
    {
      "id": 592,
      "nome": "ITU"
    },
    {
      "id": 223,
      "nome": "ITUPEVA"
    },
    {
      "id": 274,
      "nome": "ITUVERAVA"
    },
    {
      "id": 130,
      "nome": "JABORANDI"
    },
    {
      "id": 418,
      "nome": "JABOTICABAL"
    },
    {
      "id": 458,
      "nome": "JACAREI"
    },
    {
      "id": 525,
      "nome": "JACI"
    },
    {
      "id": 658,
      "nome": "JACUPIRANGA"
    },
    {
      "id": 233,
      "nome": "JAGUARIUNA"
    },
    {
      "id": 523,
      "nome": "JALES"
    },
    {
      "id": 461,
      "nome": "JAMBEIRO"
    },
    {
      "id": 37,
      "nome": "JANDIRA"
    },
    {
      "id": 424,
      "nome": "JARDINOPOLIS"
    },
    {
      "id": 224,
      "nome": "JARINU"
    },
    {
      "id": 184,
      "nome": "JAU"
    },
    {
      "id": 271,
      "nome": "JERIQUARA"
    },
    {
      "id": 229,
      "nome": "JOANOPOLIS"
    },
    {
      "id": 385,
      "nome": "JOAO RAMALHO"
    },
    {
      "id": 521,
      "nome": "JOSE BONIFACIO"
    },
    {
      "id": 300,
      "nome": "JULIO MESQUITA"
    },
    {
      "id": 608,
      "nome": "JUMIRIM"
    },
    {
      "id": 230,
      "nome": "JUNDIAI"
    },
    {
      "id": 368,
      "nome": "JUNQUEIROPOLIS"
    },
    {
      "id": 661,
      "nome": "JUQUIA"
    },
    {
      "id": 36,
      "nome": "JUQUITIBA"
    },
    {
      "id": 624,
      "nome": "LAGOINHA"
    },
    {
      "id": 190,
      "nome": "LARANJAL PAULISTA"
    },
    {
      "id": 53,
      "nome": "LAVINIA"
    },
    {
      "id": 630,
      "nome": "LAVRINHAS"
    },
    {
      "id": 323,
      "nome": "LEME"
    },
    {
      "id": 181,
      "nome": "LENCOIS PAULISTA"
    },
    {
      "id": 320,
      "nome": "LIMEIRA"
    },
    {
      "id": 231,
      "nome": "LINDOIA"
    },
    {
      "id": 164,
      "nome": "LINS"
    },
    {
      "id": 619,
      "nome": "LORENA"
    },
    {
      "id": 41,
      "nome": "LOURDES"
    },
    {
      "id": 225,
      "nome": "LOUVEIRA"
    },
    {
      "id": 292,
      "nome": "LUCELIA"
    },
    {
      "id": 150,
      "nome": "LUCIANOPOLIS"
    },
    {
      "id": 423,
      "nome": "LUIS ANTONIO"
    },
    {
      "id": 42,
      "nome": "LUIZIANIA"
    },
    {
      "id": 297,
      "nome": "LUPERCIO"
    },
    {
      "id": 109,
      "nome": "LUTECIA"
    },
    {
      "id": 155,
      "nome": "MACATUBA"
    },
    {
      "id": 538,
      "nome": "MACAUBAL"
    },
    {
      "id": 532,
      "nome": "MACEDONIA"
    },
    {
      "id": 533,
      "nome": "MAGDA"
    },
    {
      "id": 606,
      "nome": "MAIRINQUE"
    },
    {
      "id": 24,
      "nome": "MAIRIPORA"
    },
    {
      "id": 200,
      "nome": "MANDURI"
    },
    {
      "id": 378,
      "nome": "MARABA PAULISTA"
    },
    {
      "id": 108,
      "nome": "MARACAI"
    },
    {
      "id": 536,
      "nome": "MARAPOAMA"
    },
    {
      "id": 281,
      "nome": "MARIAPOLIS"
    },
    {
      "id": 291,
      "nome": "MARILIA"
    },
    {
      "id": 537,
      "nome": "MARINOPOLIS"
    },
    {
      "id": 369,
      "nome": "MARTINOPOLIS"
    },
    {
      "id": 97,
      "nome": "MATAO"
    },
    {
      "id": 7,
      "nome": "MAUA"
    },
    {
      "id": 511,
      "nome": "MENDONCA"
    },
    {
      "id": 509,
      "nome": "MERIDIANO"
    },
    {
      "id": 503,
      "nome": "MESOPOLIS"
    },
    {
      "id": 262,
      "nome": "MIGUELOPOLIS"
    },
    {
      "id": 159,
      "nome": "MINEIROS DO TIETE"
    },
    {
      "id": 659,
      "nome": "MIRACATU"
    },
    {
      "id": 505,
      "nome": "MIRA ESTRELA"
    },
    {
      "id": 48,
      "nome": "MIRANDOPOLIS"
    },
    {
      "id": 379,
      "nome": "MIRANTE DO PARANAPANEMA"
    },
    {
      "id": 507,
      "nome": "MIRASSOL"
    },
    {
      "id": 501,
      "nome": "MIRASSOLANDIA"
    },
    {
      "id": 457,
      "nome": "MOCOCA"
    },
    {
      "id": 453,
      "nome": "MOGI GUACU"
    },
    {
      "id": 454,
      "nome": "MOGI MIRIM"
    },
    {
      "id": 19,
      "nome": "MOJI DAS CRUZES"
    },
    {
      "id": 338,
      "nome": "MOMBUCA"
    },
    {
      "id": 512,
      "nome": "MONCOES"
    },
    {
      "id": 666,
      "nome": "MONGAGUA"
    },
    {
      "id": 232,
      "nome": "MONTE ALEGRE DO SUL"
    },
    {
      "id": 415,
      "nome": "MONTE ALTO"
    },
    {
      "id": 542,
      "nome": "MONTE APRAZIVEL"
    },
    {
      "id": 133,
      "nome": "MONTE AZUL PAULISTA"
    },
    {
      "id": 366,
      "nome": "MONTE CASTELO"
    },
    {
      "id": 467,
      "nome": "MONTEIRO LOBATO"
    },
    {
      "id": 228,
      "nome": "MONTE MOR"
    },
    {
      "id": 265,
      "nome": "MORRO AGUDO"
    },
    {
      "id": 227,
      "nome": "MORUNGABA"
    },
    {
      "id": 103,
      "nome": "MOTUCA"
    },
    {
      "id": 56,
      "nome": "MURUTINGA DO SUL"
    },
    {
      "id": 386,
      "nome": "NANTES"
    },
    {
      "id": 387,
      "nome": "NARANDIBA"
    },
    {
      "id": 900,
      "nome": "NATAL"
    },
    {
      "id": 623,
      "nome": "NATIVIDADE DA SERRA"
    },
    {
      "id": 226,
      "nome": "NAZARE PAULISTA"
    },
    {
      "id": 568,
      "nome": "NEVES PAULISTA"
    },
    {
      "id": 562,
      "nome": "NHANDEARA"
    },
    {
      "id": 565,
      "nome": "NIPOA"
    },
    {
      "id": 570,
      "nome": "NOVA ALIANCA"
    },
    {
      "id": 583,
      "nome": "NOVA CAMPINA"
    },
    {
      "id": 559,
      "nome": "NOVA CANAA PAULISTA"
    },
    {
      "id": 61,
      "nome": "NOVA CASTILHO"
    },
    {
      "id": 84,
      "nome": "NOVA EUROPA"
    },
    {
      "id": 545,
      "nome": "NOVA GRANADA"
    },
    {
      "id": 382,
      "nome": "NOVA GUATAPORANGA"
    },
    {
      "id": 46,
      "nome": "NOVA INDEPENDENCIA"
    },
    {
      "id": 548,
      "nome": "NOVAIS"
    },
    {
      "id": 40,
      "nome": "NOVA LUZITANIA"
    },
    {
      "id": 244,
      "nome": "NOVA ODESSA"
    },
    {
      "id": 551,
      "nome": "NOVO HORIZONTE"
    },
    {
      "id": 279,
      "nome": "NUPORANGA"
    },
    {
      "id": 306,
      "nome": "OCAUCU"
    },
    {
      "id": 111,
      "nome": "OLEO"
    },
    {
      "id": 142,
      "nome": "OLIMPIA"
    },
    {
      "id": 555,
      "nome": "ONDA VERDE"
    },
    {
      "id": 304,
      "nome": "ORIENTE"
    },
    {
      "id": 556,
      "nome": "ORINDIUVA"
    },
    {
      "id": 273,
      "nome": "ORLANDIA"
    },
    {
      "id": 26,
      "nome": "OSASCO"
    },
    {
      "id": 303,
      "nome": "OSCAR BRESSANE"
    },
    {
      "id": 316,
      "nome": "OSVALDO CRUZ"
    },
    {
      "id": 122,
      "nome": "OURINHOS"
    },
    {
      "id": 558,
      "nome": "OUROESTE"
    },
    {
      "id": 384,
      "nome": "OURO VERDE"
    },
    {
      "id": 311,
      "nome": "PACAEMBU"
    },
    {
      "id": 564,
      "nome": "PALESTINA"
    },
    {
      "id": 502,
      "nome": "PALMARES PAULISTA"
    },
    {
      "id": 527,
      "nome": "PALMEIRA D`OESTE"
    },
    {
      "id": 121,
      "nome": "PALMITAL"
    },
    {
      "id": 375,
      "nome": "PANORAMA"
    },
    {
      "id": 119,
      "nome": "PARAGUACU PAULISTA"
    },
    {
      "id": 464,
      "nome": "PARAIBUNA"
    },
    {
      "id": 522,
      "nome": "PARAISO"
    },
    {
      "id": 198,
      "nome": "PARANAPANEMA"
    },
    {
      "id": 526,
      "nome": "PARANAPUA"
    },
    {
      "id": 284,
      "nome": "PARAPUA"
    },
    {
      "id": 208,
      "nome": "PARDINHO"
    },
    {
      "id": 673,
      "nome": "PARIQUERA-ACU"
    },
    {
      "id": 518,
      "nome": "PARISI"
    },
    {
      "id": 266,
      "nome": "PATROCINIO PAULISTA"
    },
    {
      "id": 346,
      "nome": "PAULICEIA"
    },
    {
      "id": 258,
      "nome": "PAULINIA"
    },
    {
      "id": 156,
      "nome": "PAULISTANA"
    },
    {
      "id": 489,
      "nome": "PAULO DE FARIA"
    },
    {
      "id": 158,
      "nome": "PEDERNEIRAS"
    },
    {
      "id": 254,
      "nome": "PEDRA BELA"
    },
    {
      "id": 478,
      "nome": "PEDRANOPOLIS"
    },
    {
      "id": 259,
      "nome": "PEDREGULHO"
    },
    {
      "id": 255,
      "nome": "PEDREIRA"
    },
    {
      "id": 118,
      "nome": "PEDRINHAS PAULISTA"
    },
    {
      "id": 674,
      "nome": "PEDRO DE TOLEDO"
    },
    {
      "id": 51,
      "nome": "PENAPOLIS"
    },
    {
      "id": 52,
      "nome": "PEREIRA BARRETO"
    },
    {
      "id": 193,
      "nome": "PEREIRAS"
    },
    {
      "id": 667,
      "nome": "PERUIBE"
    },
    {
      "id": 47,
      "nome": "PIACATU"
    },
    {
      "id": 586,
      "nome": "PIEDADE"
    },
    {
      "id": 579,
      "nome": "PILAR DO SUL"
    },
    {
      "id": 641,
      "nome": "PINDAMONHANGABA"
    },
    {
      "id": 488,
      "nome": "PINDORAMA"
    },
    {
      "id": 256,
      "nome": "PINHALZINHO"
    },
    {
      "id": 365,
      "nome": "PIQUEROBI"
    },
    {
      "id": 645,
      "nome": "PIQUETE"
    },
    {
      "id": 257,
      "nome": "PIRACAIA"
    },
    {
      "id": 330,
      "nome": "PIRACICABA"
    },
    {
      "id": 195,
      "nome": "PIRAJU"
    },
    {
      "id": 177,
      "nome": "PIRAJUI"
    },
    {
      "id": 517,
      "nome": "PIRANGI"
    },
    {
      "id": 32,
      "nome": "PIRAPORA DO BOM JESUS"
    },
    {
      "id": 364,
      "nome": "PIRAPOZINHO"
    },
    {
      "id": 332,
      "nome": "PIRASSUNUNGA"
    },
    {
      "id": 161,
      "nome": "PIRATININGA"
    },
    {
      "id": 420,
      "nome": "PITANGUEIRAS"
    },
    {
      "id": 499,
      "nome": "PLANALTO"
    },
    {
      "id": 112,
      "nome": "PLATINA"
    },
    {
      "id": 18,
      "nome": "POA"
    },
    {
      "id": 482,
      "nome": "POLONI"
    },
    {
      "id": 301,
      "nome": "POMPEIA"
    },
    {
      "id": 160,
      "nome": "PONGAI"
    },
    {
      "id": 417,
      "nome": "PONTAL"
    },
    {
      "id": 510,
      "nome": "PONTALINDA"
    },
    {
      "id": 524,
      "nome": "PONTES GESTAL"
    },
    {
      "id": 514,
      "nome": "POPULINA"
    },
    {
      "id": 214,
      "nome": "PORANGABA"
    },
    {
      "id": 578,
      "nome": "PORTO FELIZ"
    },
    {
      "id": 89,
      "nome": "PORTO FERREIRA"
    },
    {
      "id": 652,
      "nome": "PORTOS E AEROPORTOS"
    },
    {
      "id": 629,
      "nome": "POTIM"
    },
    {
      "id": 554,
      "nome": "POTIRENDABA"
    },
    {
      "id": 305,
      "nome": "PRACINHA"
    },
    {
      "id": 411,
      "nome": "PRADOPOLIS"
    },
    {
      "id": 668,
      "nome": "PRAIA GRANDE"
    },
    {
      "id": 215,
      "nome": "PRATANIA"
    },
    {
      "id": 157,
      "nome": "PRESIDENTE ALVES"
    },
    {
      "id": 380,
      "nome": "PRESIDENTE BERNARDES"
    },
    {
      "id": 381,
      "nome": "PRESIDENTE EPITACIO"
    },
    {
      "id": 370,
      "nome": "PRESIDENTE PRUDENTE"
    },
    {
      "id": 367,
      "nome": "PRESIDENTE VENCESLAU"
    },
    {
      "id": 154,
      "nome": "PROMISSAO"
    },
    {
      "id": 575,
      "nome": "QUADRA"
    },
    {
      "id": 374,
      "nome": "QUATA"
    },
    {
      "id": 285,
      "nome": "QUEIROZ"
    },
    {
      "id": 644,
      "nome": "QUELUZ"
    },
    {
      "id": 289,
      "nome": "QUINTANA"
    },
    {
      "id": 342,
      "nome": "RAFARD"
    },
    {
      "id": 371,
      "nome": "RANCHARIA"
    },
    {
      "id": 635,
      "nome": "REDENCAO DA SERRA"
    },
    {
      "id": 377,
      "nome": "REGENTE FEIJO"
    },
    {
      "id": 153,
      "nome": "REGINOPOLIS"
    },
    {
      "id": 675,
      "nome": "REGISTRO"
    },
    {
      "id": 270,
      "nome": "RESTINGA"
    },
    {
      "id": 571,
      "nome": "RIBEIRA"
    },
    {
      "id": 93,
      "nome": "RIBEIRAO BONITO"
    },
    {
      "id": 572,
      "nome": "RIBEIRAO BRANCO"
    },
    {
      "id": 260,
      "nome": "RIBEIRAO CORRENTE"
    },
    {
      "id": 373,
      "nome": "RIBEIRAO DOS INDIOS"
    },
    {
      "id": 114,
      "nome": "RIBEIRAO DO SUL"
    },
    {
      "id": 573,
      "nome": "RIBEIRAO GRANDE"
    },
    {
      "id": 3,
      "nome": "RIBEIRAO PIRES"
    },
    {
      "id": 426,
      "nome": "RIBEIRAO PRETO"
    },
    {
      "id": 275,
      "nome": "RIFAINA"
    },
    {
      "id": 96,
      "nome": "RINCAO"
    },
    {
      "id": 288,
      "nome": "RINOPOLIS"
    },
    {
      "id": 334,
      "nome": "RIO CLARO"
    },
    {
      "id": 318,
      "nome": "RIO DAS PEDRAS"
    },
    {
      "id": 8,
      "nome": "RIO GRANDE DA SERRA"
    },
    {
      "id": 531,
      "nome": "RIOLANDIA"
    },
    {
      "id": 618,
      "nome": "RIVERSUL"
    },
    {
      "id": 354,
      "nome": "ROSANA"
    },
    {
      "id": 638,
      "nome": "ROSEIRA"
    },
    {
      "id": 64,
      "nome": "RUBIACEA"
    },
    {
      "id": 535,
      "nome": "RUBINEIA"
    },
    {
      "id": 183,
      "nome": "SABINO"
    },
    {
      "id": 293,
      "nome": "SAGRES"
    },
    {
      "id": 528,
      "nome": "SALES"
    },
    {
      "id": 278,
      "nome": "SALES OLIVEIRA"
    },
    {
      "id": 10,
      "nome": "SALESOPOLIS"
    },
    {
      "id": 283,
      "nome": "SALMOURAO"
    },
    {
      "id": 321,
      "nome": "SALTINHO"
    },
    {
      "id": 609,
      "nome": "SALTO"
    },
    {
      "id": 593,
      "nome": "SALTO DE PIRAPORA"
    },
    {
      "id": 110,
      "nome": "SALTO GRANDE"
    },
    {
      "id": 350,
      "nome": "SANDOVALINA"
    },
    {
      "id": 515,
      "nome": "SANTA ADELIA"
    },
    {
      "id": 516,
      "nome": "SANTA ALBERTINA"
    },
    {
      "id": 220,
      "nome": "SANTA BARBARA D`OESTE"
    },
    {
      "id": 463,
      "nome": "SANTA BRANCA"
    },
    {
      "id": 563,
      "nome": "SANTA CLARA D`OESTE"
    },
    {
      "id": 339,
      "nome": "SANTA CRUZ DA CONCEICAO"
    },
    {
      "id": 409,
      "nome": "SANTA CRUZ DA ESPERANCA"
    },
    {
      "id": 456,
      "nome": "SANTA CRUZ DAS PALMEIRAS"
    },
    {
      "id": 107,
      "nome": "SANTA CRUZ DO RIO PARDO"
    },
    {
      "id": 90,
      "nome": "SANTA ERNESTINA"
    },
    {
      "id": 567,
      "nome": "SANTA FE DO SUL"
    },
    {
      "id": 327,
      "nome": "SANTA GERTRUDES"
    },
    {
      "id": 13,
      "nome": "SANTA ISABEL"
    },
    {
      "id": 85,
      "nome": "SANTA LUCIA"
    },
    {
      "id": 335,
      "nome": "SANTA MARIA DA SERRA"
    },
    {
      "id": 362,
      "nome": "SANTA MERCEDES"
    },
    {
      "id": 540,
      "nome": "SANTANA DA PONTE PENSA"
    },
    {
      "id": 25,
      "nome": "SANTANA DO PARNAIBA"
    },
    {
      "id": 560,
      "nome": "SANTA RITA D`OESTE"
    },
    {
      "id": 82,
      "nome": "SANTA RITA DO PASSA QUATRO"
    },
    {
      "id": 425,
      "nome": "SANTA ROSA DO VITERBO"
    },
    {
      "id": 529,
      "nome": "SANTA SALETE"
    },
    {
      "id": 345,
      "nome": "SANTO ANASTACIO"
    },
    {
      "id": 2,
      "nome": "SANTO ANDRE"
    },
    {
      "id": 414,
      "nome": "SANTO ANTONIO DA ALEGRIA"
    },
    {
      "id": 218,
      "nome": "SANTO ANTONIO DE POSSE"
    },
    {
      "id": 59,
      "nome": "SANTO ANTONIO DO ARACANGUA"
    },
    {
      "id": 442,
      "nome": "SANTO ANTONIO DO JARDIM"
    },
    {
      "id": 620,
      "nome": "SANTO ANTONIO DO PINHAL"
    },
    {
      "id": 357,
      "nome": "SANTO EXPEDITO"
    },
    {
      "id": 57,
      "nome": "SANTOPOLIS DO AGUAPEI"
    },
    {
      "id": 437,
      "nome": "SANTOS"
    },
    {
      "id": 621,
      "nome": "SAO BENTO DO SAPUCAI"
    },
    {
      "id": 6,
      "nome": "SAO BERNARDO DO CAMPO"
    },
    {
      "id": 5,
      "nome": "SAO CAETANO DO SUL"
    },
    {
      "id": 81,
      "nome": "SAO CARLOS"
    },
    {
      "id": 546,
      "nome": "SAO FRANCISCO"
    },
    {
      "id": 446,
      "nome": "SAO JOAO DA BOA VISTA"
    },
    {
      "id": 539,
      "nome": "SAO JOAO DAS DUAS PONTES"
    },
    {
      "id": 552,
      "nome": "SAO JOAO DO IRACEMA"
    },
    {
      "id": 356,
      "nome": "SAO JOAO DO PAU D`ALHO"
    },
    {
      "id": 280,
      "nome": "SAO JOAQUIM DA BARRA"
    },
    {
      "id": 277,
      "nome": "SAO JOSE DA BELA VISTA"
    },
    {
      "id": 628,
      "nome": "SAO JOSE DO BARREIRO"
    },
    {
      "id": 448,
      "nome": "SAO JOSE DO RIO PARDO"
    },
    {
      "id": 471,
      "nome": "SAO JOSE DO RIO PRETO"
    },
    {
      "id": 465,
      "nome": "SAO JOSE DOS CAMPOS"
    },
    {
      "id": 31,
      "nome": "SAO LOURENCO DA SERRA"
    },
    {
      "id": 625,
      "nome": "SAO LUIS DO PARAITINGA"
    },
    {
      "id": 211,
      "nome": "SAO MANUEL"
    },
    {
      "id": 605,
      "nome": "SAO MIGUEL ARCANJO"
    },
    {
      "id": 1,
      "nome": "SAO PAULO"
    },
    {
      "id": 326,
      "nome": "SAO PEDRO"
    },
    {
      "id": 125,
      "nome": "SAO PEDRO DO TURVO"
    },
    {
      "id": 604,
      "nome": "SAO ROQUE"
    },
    {
      "id": 466,
      "nome": "SAO SEBASTIAO"
    },
    {
      "id": 443,
      "nome": "SAO SEBASTIAO DA GRAMA"
    },
    {
      "id": 410,
      "nome": "SAO SIMAO"
    },
    {
      "id": 433,
      "nome": "SAO VICENTE"
    },
    {
      "id": 598,
      "nome": "SARAPUI"
    },
    {
      "id": 213,
      "nome": "SARUTAIA"
    },
    {
      "id": 473,
      "nome": "SEBASTIANOPOLIS DO SUL"
    },
    {
      "id": 405,
      "nome": "SERRA AZUL"
    },
    {
      "id": 428,
      "nome": "SERRANA"
    },
    {
      "id": 250,
      "nome": "SERRA NEGRA"
    },
    {
      "id": 419,
      "nome": "SERTAOZINHO"
    },
    {
      "id": 676,
      "nome": "SETE BARRAS"
    },
    {
      "id": 141,
      "nome": "SEVERINIA"
    },
    {
      "id": 640,
      "nome": "SILVEIRAS"
    },
    {
      "id": 248,
      "nome": "SOCORRO"
    },
    {
      "id": 589,
      "nome": "SOROCABA"
    },
    {
      "id": 77,
      "nome": "SUD MENNUCCI"
    },
    {
      "id": 246,
      "nome": "SUMARE"
    },
    {
      "id": 76,
      "nome": "SUZANAPOLIS"
    },
    {
      "id": 16,
      "nome": "SUZANO"
    },
    {
      "id": 483,
      "nome": "TABAPUA"
    },
    {
      "id": 99,
      "nome": "TABATINGA"
    },
    {
      "id": 30,
      "nome": "TABOAO DA SERRA"
    },
    {
      "id": 355,
      "nome": "TACIBA"
    },
    {
      "id": 210,
      "nome": "TAGUAI"
    },
    {
      "id": 131,
      "nome": "TAIACU"
    },
    {
      "id": 145,
      "nome": "TAIUVA"
    },
    {
      "id": 441,
      "nome": "TAMBAU"
    },
    {
      "id": 485,
      "nome": "TANABI"
    },
    {
      "id": 607,
      "nome": "TAPIRAI"
    },
    {
      "id": 444,
      "nome": "TAPIRATIBA"
    },
    {
      "id": 148,
      "nome": "TAQUARAL"
    },
    {
      "id": 88,
      "nome": "TAQUARITINGA"
    },
    {
      "id": 216,
      "nome": "TAQUARITUBA"
    },
    {
      "id": 574,
      "nome": "TAQUARIVAI"
    },
    {
      "id": 363,
      "nome": "TARABAI"
    },
    {
      "id": 126,
      "nome": "TARUMA"
    },
    {
      "id": 615,
      "nome": "TATUI"
    },
    {
      "id": 631,
      "nome": "TAUBATE"
    },
    {
      "id": 212,
      "nome": "TEJUPA"
    },
    {
      "id": 361,
      "nome": "TEODORO SAMPAIO"
    },
    {
      "id": 143,
      "nome": "TERRA ROXA"
    },
    {
      "id": 617,
      "nome": "TIETE"
    },
    {
      "id": 115,
      "nome": "TIMBURI"
    },
    {
      "id": 209,
      "nome": "TORRE DE PEDRA"
    },
    {
      "id": 165,
      "nome": "TORRINHA"
    },
    {
      "id": 94,
      "nome": "TRABIJU"
    },
    {
      "id": 639,
      "nome": "TREMEMBE"
    },
    {
      "id": 486,
      "nome": "TRES FRONTEIRAS"
    },
    {
      "id": 234,
      "nome": "TUIUTI"
    },
    {
      "id": 294,
      "nome": "TUPA"
    },
    {
      "id": 376,
      "nome": "TUPI PAULISTA"
    },
    {
      "id": 68,
      "nome": "TURIUBA"
    },
    {
      "id": 494,
      "nome": "TURMALINA"
    },
    {
      "id": 496,
      "nome": "UBARANA"
    },
    {
      "id": 468,
      "nome": "UBATUBA"
    },
    {
      "id": 296,
      "nome": "UBIRAJARA"
    },
    {
      "id": 474,
      "nome": "UCHOA"
    },
    {
      "id": 477,
      "nome": "UNIAO PAULISTA"
    },
    {
      "id": 475,
      "nome": "URANIA"
    },
    {
      "id": 149,
      "nome": "URU"
    },
    {
      "id": 498,
      "nome": "URUPES"
    },
    {
      "id": 495,
      "nome": "VALENTIM GENTIL"
    },
    {
      "id": 241,
      "nome": "VALINHOS"
    },
    {
      "id": 69,
      "nome": "VALPARAISO"
    },
    {
      "id": 240,
      "nome": "VARGEM"
    },
    {
      "id": 450,
      "nome": "VARGEM GRANDE DO SUL"
    },
    {
      "id": 39,
      "nome": "VARGEM GRANDE PAULISTA"
    },
    {
      "id": 239,
      "nome": "VARZEA PAULISTA"
    },
    {
      "id": 310,
      "nome": "VERA CRUZ"
    },
    {
      "id": 236,
      "nome": "VINHEDO"
    },
    {
      "id": 138,
      "nome": "VIRADOURO"
    },
    {
      "id": 132,
      "nome": "VISTA ALEGRE DO ALTO"
    },
    {
      "id": 472,
      "nome": "VITORIA BRASIL"
    },
    {
      "id": 576,
      "nome": "VOTORANTIM"
    },
    {
      "id": 470,
      "nome": "VOTUPORANGA"
    },
    {
      "id": 534,
      "nome": "ZACARIAS"
    }
  ]